id,full_name,email,username,password,birth_date,account_status
1,Marilyn Marvin,Irving.Renner@hotmail.com,Joelle76,hgHCmLAjl2HUaII,2024-12-24,active
2,Joyce Ledner,Allen_Goyette@hotmail.com,Laron.Effertz,lzDG585OjxmDOxv,2025-03-21,active
3,Frances Schinner-Sporer,Jeannette.Collins@gmail.com,Zachery_Durgan,hPf4PrgJQUQaGmz,2024-09-11,active
4,Ismael Wilderman,Gregg_Kihn35@gmail.com,Bernard.Klein,_KMM5XGvOMgSyFw,2024-08-06,active
5,Meredith Klocko,Ricardo_Simonis69@gmail.com,Delpha_Hackett18,kXcKT_sNAGg3SCN,2024-11-04,active
6,Sarah Kulas,Scott.Durgan@yahoo.com,Devan_Marks71,719uEMQXDXMx7RV,2024-12-17,active
7,Myra White,Kent.Kunze81@gmail.com,Julianne72,tjI1v_LcGv5ldIN,2024-08-03,active
8,Sidney Streich PhD,Alonzo.Hudson23@yahoo.com,Nels.Lowe12,PK36z_fIJXuWKLJ,2024-12-23,active
9,Ricky Buckridge,Brandon_Gusikowski@hotmail.com,Guillermo_Marquardt59,kmn1MYrjDH1U8fP,2025-06-15,active
10,Flora Rosenbaum,Sammy_Abbott79@gmail.com,Don_Borer34,vrnOkziexDEk1R_,2024-08-14,active
11,Marcella Braun,Marsha_Harvey0@hotmail.com,Earnestine.Mraz73,5r2iqcwX5eHzhB2,2024-07-14,active
12,Rex Stokes,Dianna.Pollich@yahoo.com,Reid.Cassin55,UoRBAQZqLX0IwRh,2024-12-19,active
13,Eddie Jakubowski,Willie.Franecki@yahoo.com,Ryder.Collins,8NkOskZ3yF3ZtEa,2024-09-24,active
14,Melba Farrell,Gwendolyn.Gulgowski@gmail.com,Jacky.Franecki,LOsICBX8veQ15Sv,2024-12-19,active
15,Colin Schinner,Matthew_Fahey@gmail.com,Juston_Abbott85,99dl3X_ixI2eXJI,2025-06-24,active
16,Kirk Schaefer DDS,Angelo.Lowe@hotmail.com,Collin76,n0jreAT6ILtmD98,2025-03-18,active
17,Roberta Wiza,Mario_Lang-Jakubowski76@yahoo.com,Cristian.Zemlak,jx3xDs1f5trdcrv,2024-11-03,active
18,Rudy Medhurst,Victor_Dach61@gmail.com,Cielo.Tremblay79,ruI0dEXahWc7ThP,2024-11-25,active
19,Ruby Weber,Katie_Ritchie66@gmail.com,Clemens_Schumm,54hs2rYF6YRri_E,2025-04-20,active
20,Marilyn Borer,Natasha.Hudson@yahoo.com,Marcel71,9CcGxHJjGOgAX7E,2025-05-28,active
21,Angel Kovacek,Kathy_Sporer8@yahoo.com,Michele_Tremblay21,108RfLvZRjwfdYE,2024-07-07,active
22,Tom Schuster,Ruby.Dooley26@gmail.com,Berenice_Lockman,2J94cgxW8n_IqkG,2025-04-25,active
23,Darryl Brown,Judy.Kris72@hotmail.com,Libby69,5t7aFaw0u_wmsm8,2024-11-04,active
24,Corey Waters Sr.,Miriam.McLaughlin19@hotmail.com,Maryjane_Stokes,8rjidtqn1owW1D2,2025-05-23,active
25,Mamie Ward,Kristine_Koepp29@yahoo.com,Karianne52,vVTuFiZOjuxtpuH,2024-11-12,active
26,Lola Dare,Tamara_Lakin@hotmail.com,Caleb_Greenfelder77,CWoklVBjPESKJH9,2025-01-08,active
27,Linda Orn,Mack_Schamberger91@yahoo.com,Janelle.Leffler89,heFlpkmNpdTjx36,2025-03-14,active
28,Ed Stamm,Sonia_Hand43@gmail.com,Elbert31,cSpOVwpn6mjcacy,2025-01-22,active
29,Frederick Jaskolski,Douglas_Walsh@hotmail.com,Ruben_Kling,aoyDM7Y9u8X3Tww,2024-09-16,active
30,Dr. Kathy Quigley,Daniel.Hegmann@yahoo.com,Nikki_Mertz,06dBWjIb9HpPq6K,2024-10-10,active
31,Jennifer Tromp,Sergio_Bosco@hotmail.com,Wade_Hegmann5,SsDZq6CX0G4Wakv,2025-02-23,active
32,Phillip Gibson,Gertrude.Fay@gmail.com,Gerhard90,kNDNHsWqKcfWbB8,2025-06-06,active
33,Rebecca Boyle,Israel_Rosenbaum29@gmail.com,Clovis.Effertz42,pGRRCApy1Mu1fcx,2024-11-25,active
34,Gertrude Schneider,Fredrick_Daniel@gmail.com,Lucienne_Boyle68,aEgVcVD_w52LheW,2025-02-11,active
35,Jay Pollich I,Samantha_Schulist@hotmail.com,Ephraim59,AYFkco0ULsUJ0sg,2024-08-10,active
36,Howard Kuhic,Mamie_Pouros@hotmail.com,Julius_Hilll90,WLtJn7LcFXZbnQ3,2025-06-21,active
37,Meredith Herzog,Jennifer_Lueilwitz@yahoo.com,Trycia.Predovic,NipfiCdowjBm1UF,2024-07-05,active
38,Jon Gutkowski,Don.Larson@hotmail.com,Dandre41,EDuSKYHG9NzNWau,2024-12-08,active
39,Florence Schowalter,Laverne_Prohaska@hotmail.com,Trey_Feil22,DwkhMoYJxORdMPT,2025-02-24,active
40,Kristopher Herman V,Ruth_Lebsack@gmail.com,Ericka72,cPpDRa2yT96gZ7p,2024-10-05,active
41,Vincent Jones,Mindy.Collier78@yahoo.com,Rashawn12,CLX8XFXqNRS6via,2024-07-27,active
42,Felix Hettinger DDS,Dave.Leffler56@hotmail.com,Nick_Parker53,R_O2M4I7Vvt4T1b,2025-06-09,active
43,Pat Daugherty,Victoria.Parisian@hotmail.com,Logan44,pi1U15o01jA9ryx,2024-07-14,active
44,Dianne White,Doris_Kohler@yahoo.com,Twila.Torp36,D9Te9vdI6lbyjob,2025-04-10,active
45,Victor Steuber,Jack.Hodkiewicz@hotmail.com,Addison_Parker87,pD3tHjYQUCyWbia,2024-11-03,active
46,Shelly Mertz,Melba.Nikolaus68@yahoo.com,Barbara.Russel18,pO30Lmr05Xucglo,2024-08-01,active
47,Noel Strosin,Allan.Wiegand-Rempel@yahoo.com,Erica.Denesik84,PYIXR1gmYnC3e8p,2024-08-05,active
48,Janice Padberg,Ernesto_Reichert@yahoo.com,Dawson24,KoB4wv95bpYIlrs,2024-08-11,active
49,Marvin Runolfsson,Grace_Wuckert@gmail.com,Ahmed16,avt4O6XkxwLl6J3,2025-03-28,active
50,Velma Zemlak,Roger_Bechtelar@hotmail.com,Zechariah55,uKfZrwvbROsgBPH,2025-04-27,active
51,Luis Dorantes,luis@test.com,McPollo,pass123,1996-01-01,inactive
52,Lionel Messi,Messi@example.com,lMessi,12345,1996-04-10,active
53,Alberto Lati,Alati@example.com,Alati21,12345,1996-04-10,blocked
54,Roberto Hermosillo,Robert@example.com,Robert21,12345,1996-04-10,active
55,Roberto Firminho,RobertF@example.com,Firminho2,12345,1996-04-10,active
